schema_name,table_name,rls_enabled,rls_forced
public,accounts,true,false
public,categories,true,false
public,customers,true,false
public,expense_categories,true,false
public,expenses,true,false
public,financial_movements,true,false
public,inventory_movements,true,false
public,order_financials,true,false
public,order_items,true,false
public,orders,true,false
public,payments,true,false
public,points_of_sale,true,false
public,product_variant_images,true,false
public,product_variants,true,false
public,products,true,false
public,profiles,true,false
public,purchase_financials,true,false
public,purchase_order_items,true,false
public,purchase_orders,true,false
public,supplier_payments,true,false
public,suppliers,true,false
public,transfers,true,false
public,warehouses,true,false